{"cameraMode":{"drawMode":2,"name":"Shaded Wireframe","section":"Shading Mode"},"sceneLighting":true,"audioPlay":false,"sceneViewState":{"showFog":true,"showMaterialUpdate":false,"showSkybox":true,"showFlares":true,"showImageEffects":true,"showParticleSystems":true},"in2DMode":false,"pivot":{"x":602.5425415039063,"y":5.426783084869385,"z":7.045533180236816},"rotation":{"x":0.012809121049940586,"y":0.9870136976242065,"z":-0.10252239555120468,"w":0.12321057170629502},"size":186.725341796875,"orthographic":false}